{"cameraMode":{"drawMode":0,"name":"Shaded","section":"Shading Mode"},"sceneLighting":true,"audioPlay":false,"sceneViewState":{"showFog":true,"showMaterialUpdate":false,"showSkybox":true,"showFlares":true,"showImageEffects":true,"showParticleSystems":true},"in2DMode":false,"pivot":{"x":6.156520843505859,"y":6.298054218292236,"z":19.133670806884767},"rotation":{"x":0.08235012739896774,"y":0.7593863010406494,"z":-0.09807079285383225,"w":0.6379584074020386},"size":2.3250770568847658,"orthographic":false}