{"cameraMode":{"drawMode":0,"name":"Shaded","section":"Shading Mode"},"sceneLighting":true,"audioPlay":false,"sceneViewState":{"showFog":true,"showMaterialUpdate":false,"showSkybox":true,"showFlares":true,"showImageEffects":true,"showParticleSystems":true},"in2DMode":false,"pivot":{"x":6.1330461502075199,"y":1.3619050979614258,"z":4.823335647583008},"rotation":{"x":0.12937912344932557,"y":0.8702058792114258,"z":-0.33102813363075259,"w":0.34157639741897585},"size":1.5477817058563233,"orthographic":false}