{"cameraMode":{"drawMode":0,"name":"Shaded","section":"Shading Mode"},"sceneLighting":false,"audioPlay":false,"sceneViewState":{"showFog":true,"showMaterialUpdate":false,"showSkybox":true,"showFlares":true,"showImageEffects":true,"showParticleSystems":true},"in2DMode":false,"pivot":{"x":1.231271505355835,"y":2.3348615169525148,"z":14.64236831665039},"rotation":{"x":0.16442839801311494,"y":-0.6149030327796936,"z":0.13335610926151277,"w":0.7597505450248718},"size":0.5191637277603149,"orthographic":false}