{"cameraMode":{"drawMode":0,"name":"Shaded","section":"Shading Mode"},"sceneLighting":true,"audioPlay":false,"sceneViewState":{"showFog":true,"showMaterialUpdate":false,"showSkybox":true,"showFlares":true,"showImageEffects":true,"showParticleSystems":true},"in2DMode":false,"pivot":{"x":9.760546684265137,"y":6.744161605834961,"z":15.100648880004883},"rotation":{"x":0.00415695970878005,"y":0.9043335914611816,"z":-0.008330317214131356,"w":0.4269182085990906},"size":5.263413906097412,"orthographic":false}