{"cameraMode":{"drawMode":0,"name":"Shaded","section":"Shading Mode"},"sceneLighting":false,"audioPlay":false,"sceneViewState":{"showFog":true,"showMaterialUpdate":false,"showSkybox":true,"showFlares":true,"showImageEffects":true,"showParticleSystems":true},"in2DMode":false,"pivot":{"x":9.233766555786133,"y":7.385760307312012,"z":18.885841369628908},"rotation":{"x":-0.03479576110839844,"y":0.015350748784840107,"z":-0.0007128907600417733,"w":-0.9993574023246765},"size":-0.1538083553314209,"orthographic":false}