{"cameraMode":{"drawMode":0,"name":"Shaded","section":"Shading Mode"},"sceneLighting":false,"audioPlay":false,"sceneViewState":{"showFog":true,"showMaterialUpdate":false,"showSkybox":true,"showFlares":true,"showImageEffects":true,"showParticleSystems":true},"in2DMode":false,"pivot":{"x":-5.172512054443359,"y":11.197494506835938,"z":25.691204071044923},"rotation":{"x":-0.04648442938923836,"y":-0.8960244059562683,"z":0.09760720282793045,"w":-0.4309481680393219},"size":1.5477817058563233,"orthographic":false}