{"cameraMode":{"drawMode":0,"name":"Shaded","section":"Shading Mode"},"sceneLighting":true,"audioPlay":false,"sceneViewState":{"showFog":true,"showMaterialUpdate":false,"showSkybox":true,"showFlares":true,"showImageEffects":true,"showParticleSystems":true},"in2DMode":false,"pivot":{"x":-1.7665939331054688,"y":2.7782154083251955,"z":0.2519521713256836},"rotation":{"x":-0.0643061101436615,"y":0.8980134129524231,"z":-0.1401425153017044,"w":-0.41206401586532595},"size":10.0,"orthographic":false}