{"cameraMode":{"drawMode":0,"name":"Shaded","section":"Shading Mode"},"sceneLighting":true,"audioPlay":false,"sceneViewState":{"showFog":true,"showMaterialUpdate":false,"showSkybox":true,"showFlares":true,"showImageEffects":true,"showParticleSystems":true},"in2DMode":false,"pivot":{"x":2.0346696376800539,"y":6.086633682250977,"z":19.373214721679689},"rotation":{"x":-0.12544812262058259,"y":0.810489296913147,"z":-0.18635766208171845,"w":-0.5415226817131043},"size":1.9630143642425538,"orthographic":false}