{"cameraMode":{"drawMode":0,"name":"Shaded","section":"Shading Mode"},"sceneLighting":false,"audioPlay":false,"sceneViewState":{"showFog":true,"showMaterialUpdate":false,"showSkybox":true,"showFlares":true,"showImageEffects":true,"showParticleSystems":true},"in2DMode":false,"pivot":{"x":5.86939811706543,"y":2.871946096420288,"z":6.035292148590088},"rotation":{"x":0.07050038874149323,"y":-0.8921651840209961,"z":0.15300993621349336,"w":0.4199829399585724},"size":0.904895007610321,"orthographic":false}