{"cameraMode":{"drawMode":0,"name":"Shaded","section":"Shading Mode"},"sceneLighting":true,"audioPlay":false,"sceneViewState":{"showFog":true,"showMaterialUpdate":false,"showSkybox":true,"showFlares":true,"showImageEffects":true,"showParticleSystems":true},"in2DMode":false,"pivot":{"x":-0.6217842102050781,"y":2.511058807373047,"z":15.823720932006836},"rotation":{"x":0.12648434937000276,"y":-0.5394917726516724,"z":0.08236052095890045,"w":0.8284051418304443},"size":15.561081886291504,"orthographic":false}